{"cameraMode":{"drawMode":0,"name":"Shaded","section":"Shading Mode"},"sceneLighting":true,"audioPlay":false,"sceneViewState":{"m_AlwaysRefresh":false,"showFog":true,"showSkybox":true,"showFlares":true,"showImageEffects":true,"showParticleSystems":true,"showVisualEffectGraphs":true,"m_FxEnabled":true},"in2DMode":false,"pivot":{"x":0.010827976278960705,"y":14.407909393310547,"z":-1.2080057859420777},"rotation":{"x":-0.13321244716644288,"y":0.05407523736357689,"z":-0.007338159717619419,"w":-0.9896091222763062},"size":3.2748260498046877,"orthographic":false}